Timestamp,"Domisili saat ini (kota, provinsi)","Domisili saat ini (kota, provinsi)",Apakah kamu seorang laki-laki atau perempuan?,Umur kamu berapa saat ini?,"Adakah komunitas JavaScript di sekitar tempat tinggal kamu? Jika ada, boleh disebutkan nama komunitasnya apa saja. Boleh meetup, telegram grup, WhatsApp, FB group dan sebagainya",Kegiatan saat ini,,Kamu sedang tertarik belajar tentang framework apa?,Media terbaik buat kamu untuk belajar pemrograman?,Pengalaman kerja,Bagaimana biasanya kamu belajar sebuah teknologi atau framework?,Saat ini menggunakan framework apa?,Bagaimana pendapatmu tentang framework tersebut? (Kelebihan dan kekurangan),Saat ini sedang tertarik belajar framework apa?,Pertimbangan utama memilih sebuah teknologi?,Gaji saat ini berkisar antara...,Perusahaan kamu saat ini memiliki...,"Saat mencari talenta, biasanya banyak merekrut dari mana?",Apakah tim development sudah menggunakan testing dalam proses development,Alat bantu testing yang digunakan
10/7/2019 18:15:17,"Badung, Bali","Badung, Bali",Laki-laki,24,BaliJS https://t.me/balijs,Fullstack,Fullstack,,,2-5 tahun,Dari tutorial,jQuery,Banyak library yang masih memerlukan bantuan JQuery.,Svelte,Developer friendly,0-5 juta per bulan,20-50 orang,Referal dari rekan,Belum,
10/7/2019 18:25:30,Malang,Malang,Laki-laki,22,Banyak,Baru lulus kuliah,kuliah,React,Artikel atau blog,,,,,,,,,,,
10/7/2019 19:10:48,"Kab. Probolinggo, Jawa Timur","Kab. Probolinggo, Jawa Timur",Laki-laki,30,Probolinggo dev,Frontend,Frontend,,,2-5 tahun,Dari dokumentasi resmi,Vue,Mudah digunakan namun untuk sisi mobile kurang bagus,React,Developer friendly,0-5 juta per bulan,Diatas 1000 orang,"Kader, mahasiswa lulusan internal",Kadang-kadang,Mocha
10/7/2019 19:28:13,Bandung,Bandung,Laki-laki,22,"FreeCodeCamp Bandung, bandung js",Sedang Kuliah,kuliah,Vue,Video,,,,,,,,,,,
10/7/2019 19:38:44,Padang,Padang,Laki-laki,29,Ada.  Minangjs,It manager,"Lead, VP, C Level",Angular,Video,,,,,,,,,,,
10/7/2019 20:33:06,Jakarta,Jakarta,Laki-laki,24,Belum bergabung,Frontend,Frontend,,,Dibawah 1 tahun,"Dari contoh aplikasi, example code ataupun boilerplate",jQuery,"Mudah dipahami, banyak dokumentasi dan banyak QnA yang terjawab",React,"User friendly (cepat, ringan, kecil)",0-5 juta per bulan,50-100 orang,"Situs pencari kerja seperti urbanhire, jobsdb, dll",Belum,
10/7/2019 21:05:05,Jakarta Timur,Jakarta Timur,Laki-laki,24,Tidak Tahu,Frontend,Frontend,,,1-2 tahun,Langsung membuat proyek-proyek sederhana,jQuery,Masih kurang dalam performance,Vue,Yang populer atau paling banyak digunakan,0-5 juta per bulan,100-1000 orang,Referal dari rekan,Belum,
10/7/2019 21:25:09,Yogyakarta,Yogyakarta,Laki-laki,19,JogjaJS,Sedang Kuliah,kuliah,"jQuery, React",Artikel atau blog,,,,,,,,,,,
10/7/2019 21:44:38,"Kota Semarang, Jawa Tengah","Kota Semarang, Jawa Tengah",Laki-laki,18,Belum,Sedang Kuliah,kuliah,React,Video,,,,,,,,,,,
10/7/2019 21:50:24,Jakarta,Jakarta,Laki-laki,29,JakartaJS,Team Lead Developer,"Lead, VP, C Level",,,5-10 tahun,Langsung membuat proyek-proyek sederhana,React,"So far so good, tapi memang beberapa part butuh advance knowledge untuk fundamental JavaScript nya",Svelte,Developer friendly,30-50 juta per bulan,Diatas 1000 orang,Referal dari rekan,Kadang-kadang,Jest
10/7/2019 23:10:33,Yogyakarta,Yogyakarta,Laki-laki,24,JogjaJS,Fullstack,Fullstack,,,2-5 tahun,Dari dokumentasi resmi,Vue,"Kelebihan learning curve enak dan bertahap, dari basic sampai advance jelas. Dokumentasinya juga sangat mendukung dan super clear.

Kekurangan belum menemukan sejauh ini.",Svelte,Developer friendly,5-10 juta per bulan,1-5 orang,Referal dari rekan,Kadang-kadang,Jest
10/7/2019 23:16:15,"Bandung, Jawa Barat ","Bandung, Jawa Barat ",Laki-laki,22,BandungJS,Team Lead Developer,"Lead, VP, C Level",,,2-5 tahun,Langsung mencoba menggunakan,React,-,Svelte,Yang populer atau paling banyak digunakan,5-10 juta per bulan,20-50 orang,Referal dari rekan,"Sudah, tapi belum semua",Jest
10/7/2019 23:22:41,mataram,mataram,Laki-laki,23,https://t.me/lombokjs,Sedang Kuliah,kuliah,"React, Svelte, Vue",Video,,,,,,,,,,,
10/8/2019 1:16:53,"Purwokerto, Jawa Tengah ","Purwokerto, Jawa Tengah ",Laki-laki,22,Tidak ada,Sedang Kuliah,kuliah,"React, Vue",Video,,,,,,,,,,,
10/8/2019 5:45:42,Jakarta Selatan,Jakarta Selatan,Laki-laki,24,Jakarta JS,Frontend,Frontend,,,1-2 tahun,Dari tutorial,Ember,"Kelebihan - Full Framework
Kekurangan - Template Engine Handlebars",Angular,Yang sudah mature,0-5 juta per bulan,20-50 orang,Headhunter,Belum,
10/8/2019 7:38:57,Singapura,Singapura,Laki-laki,26,ReactJs Sg,Team Lead Developer,"Lead, VP, C Level",,,2-5 tahun,Langsung membuat proyek-proyek sederhana,React,flexible bisa jalan di berbagai platform,Vue,Yang populer atau paling banyak digunakan,Lebih dari 30 juta per bulan,Diatas 1000 orang,Referal dari rekan,Kadang-kadang,Jest
10/8/2019 7:48:50,Bogor,Bogor,Laki-laki,35,Tidak,Frontend,Frontend,,,10-20 tahun,"Dari contoh aplikasi, example code ataupun boilerplate",React,"Kelebihan: cara menulisnya flexible,l dan ketersediaan 3rd party library. Kekurangan: script relatif lebih panjang",Svelte,Yang sudah mature,Lebih dari 30 juta per bulan,1-5 orang,Referal dari rekan,Harus,Jest
10/8/2019 10:08:21,Tangerang Selatan,Tangerang Selatan,Laki-laki,30,belum tau,Mobile,Mobile,,,1-2 tahun,Dari dokumentasi resmi,React,bagus,React,Yang sudah mature,5-10 juta per bulan,100-1000 orang,Referal dari rekan,"Sudah, tapi belum semua",Jest
10/8/2019 19:19:00,Padang,Padang,Laki-laki,27,Tidak ada,Frontend,Frontend,,,1-2 tahun,Dari dokumentasi resmi,React,"Bagi saya, React itu cukup menyenangkan dan sekaligus menyebalkan life cycle-nya, kekurangannya bagi saya pribadi belum ketemu style yg pas buat ngoding, terlebih updatenya cepet banget",React,"User friendly (cepat, ringan, kecil)",0-5 juta per bulan,,"Situs pencari kerja seperti urbanhire, jobsdb, dll","Sudah, tapi belum semua",Jest
10/8/2019 23:57:56,"Bogor, Jawa Barat","Bogor, Jawa Barat",Laki-laki,18,Belum,Sedang kuliah dan bekerja sebagai frontend,kuliah,"React, Svelte, Nest.js",Video,,,,,,,,,,,
10/9/2019 9:04:16,Jakarta,Jakarta,Laki-laki,30,Jakartajs,Team Lead Developer,"Lead, VP, C Level",,,5-10 tahun,"Dari contoh aplikasi, example code ataupun boilerplate",Vue,Better than jquery,Inertiajs,Developer friendly,10-20 juta per bulan,100-1000 orang,Referal dari rekan,Harus,Mocha
10/15/2019 17:59:25,Bali,Bali,Laki-laki,20,Bali JS,Sedang Kuliah,kuliah,"Angular, React",Artikel atau blog,,,,,,,,,,,
10/15/2019 18:07:14,Jakarta,Jakarta,Laki-laki,32,JakartaJS,Pengajar,lainnya,NestJS,Buku,,,,,,,,,,,
10/15/2019 18:12:38,"Tangerang Selatan, Banten","Tangerang Selatan, Banten",Laki-laki,32,Jakartajs,"CTO, CIO, dll.","Lead, VP, C Level",,,10-20 tahun,Dari tutorial,stimulus,Simple,Vue,Developer friendly,5-10 juta per bulan,1-5 orang,komunitas,Belum,
10/15/2019 18:30:52,Jawa Barat,Jawa Barat,Laki-laki,36,Mungkin ada tp tidak ikut,Frontend,Frontend,,,10-20 tahun,Langsung membuat proyek-proyek sederhana,React,"Pros: tutorialnya banyak, stabil, fleksibel gaya ngodingnya. Const: script jd agak panjang, build super lambat ketika menggunakan typescript, testing unit agak tricky",Svelte,Yang sudah mature,Lebih dari 30 juta per bulan,1-5 orang,Referal dari rekan,Harus,Jest
10/15/2019 18:32:14,"Kota Bekasi, Jawa Barat","Kota Bekasi, Jawa Barat",Laki-laki,24,"Ya, BekasiJS",Backend,Backend,,,1-2 tahun,"Dari contoh aplikasi, example code ataupun boilerplate",ExpressJS,"Bagus, sangat simpel, ini dibuktikan ketika saya pertama kali mengenal serverside Javascript kemudian langsung mencoba Express hanya butuh waktu beberapa hari saya bisa beradaptasi tidak seperti javascript yg saya bayangkan sebelumnya.",Vue,"User friendly (cepat, ringan, kecil)",5-10 juta per bulan,20-50 orang,Referal dari rekan,Kadang-kadang,"Kadang mocha, kadang ava."
10/15/2019 18:46:11,Bandung,Bandung,Laki-laki,21,BandungJS,Sedang Kuliah,kuliah,"Angular, React, Svelte",Video,,,,,,,,,,,
10/15/2019 18:57:43,Yogyakarta,Yogyakarta,Laki-laki,30,JogjaJS,Backend,Backend,,,5-10 tahun,Dari dokumentasi resmi,jQuery,"+ Mudah digunakan
- Kode jadi semakin rumit ketika aplikasi sudah besar",Vue,Developer friendly,0-5 juta per bulan,1-5 orang,"Situs pencari kerja seperti urbanhire, jobsdb, dll",Belum,
10/15/2019 19:10:13,Surabaya Jatim,Surabaya Jatim,Laki-laki,22,SurabayaJS,Fullstack,Fullstack,,,Dibawah 1 tahun,"Dari contoh aplikasi, example code ataupun boilerplate",Vue,"+ Easy to learn and easy to use
- Ekosistem masih sedikit ",React,Yang populer atau paling banyak digunakan,0-5 juta per bulan,1-5 orang,Referal dari rekan,Belum,
10/15/2019 19:14:00,depok,depok,Laki-laki,33,"belum tau , tapi daerah depok pasti ada",Frontend,Frontend,,,5-10 tahun,Langsung membuat proyek-proyek sederhana,React,"kelebihan : state dan props realy amazing properties , method user friendly,

kekurangan : belum aware",React,Developer friendly,10-20 juta per bulan,50-100 orang,"Situs pencari kerja seperti urbanhire, jobsdb, dll","Sudah, tapi belum semua",Jest
10/15/2019 19:16:24,"Depok, Jawa Barat","Depok, Jawa Barat",Laki-laki,19,Tidak ada,Frontend,Frontend,,,1-2 tahun,Langsung membuat proyek-proyek sederhana,React,"Mudab digunakan karena jsx, kekurangannya mungkin kurang efektif dalam management state.",Angular,Developer friendly,0-5 juta per bulan,5-10 orang,Referal dari rekan,"Sudah, tapi belum semua",Jest
10/15/2019 19:54:21,"Jakarta, DKI Jakarta","Jakarta, DKI Jakarta",Perempuan,19,"JakartaJS, ReactJS Indonesia",Sedang Kuliah,kuliah,React,Artikel atau blog,,,,,,,,,,,
10/15/2019 20:03:05,Bekasi,Bekasi,Laki-laki,33,FB,Freelance,Freelance,React,Video,,,,,,,,,,,
10/15/2019 20:10:16,Bandung,Bandung,Laki-laki,40,Tidak,Fullstack,Fullstack,,,10-20 tahun,Langung proyek dgn klien asli,jQuery,"Praktis, banyak plugin yg berguna dan siap pakai,berat di performance, filesize besar tanpa minify",Angular,Developer friendly,Lebih dari 30 juta per bulan,1-5 orang,Kampus,"Sudah, tapi belum semua",Karma
10/15/2019 20:12:32,Bandung,Bandung,Laki-laki,24,BandungJS,Backend,Backend,,,1-2 tahun,Dari Buku,Vue,Mudah,React,"Added value, enhancement dari yg sudah ada",10-20 juta per bulan,50-100 orang,"Situs pencari kerja seperti urbanhire, jobsdb, dll","Sudah, tapi belum semua",Mocha
10/15/2019 20:17:56,Yogyakarta,Yogyakarta,Laki-laki,31,Tidak tahu,Fullstack,Fullstack,,,5-10 tahun,Dari dokumentasi resmi,React,"Clean,simple, Dan banyak library ui",Svelte,Developer friendly,10-20 juta per bulan,1-5 orang,"Situs pencari kerja seperti urbanhire, jobsdb, dll",Kadang-kadang,Jest
10/15/2019 20:35:40,Surabaya,Surabaya,Perempuan,22,Tidak,Sedang Kuliah,kuliah,React,Artikel atau blog,,,,,,,,,,,
10/15/2019 20:48:05,Jakarta,Jakarta,Laki-laki,21,Jakarta JS,Frontend,Frontend,,,1-2 tahun,Dari dokumentasi resmi,Vue,"Easy learning curve, can be overweighted",React,"User friendly (cepat, ringan, kecil)",5-10 juta per bulan,100-1000 orang,Social media,Harus,Mocha
10/15/2019 20:59:05,Jakarta,Jakarta,Laki-laki,23,JavaScript Indonesia,Backend,Backend,,,Dibawah 1 tahun,Dari tutorial,Express,-,Angular,Tergantung tempat kerja,0-5 juta per bulan,20-50 orang,Referal dari rekan,"Sudah, tapi belum semua",Mocha
10/15/2019 21:14:14,Jakarta,Jakarta,Laki-laki,26,JakartaJS,Backend,Backend,,,2-5 tahun,Langsung membuat proyek-proyek sederhana,Express,"+ Sangat fleksible dalam menggunakan framework
- Dukungan third party mengenai ORM yang jelek",libuv,Yang sudah mature,10-20 juta per bulan,20-50 orang,Headhunter,"Sudah, tapi belum semua",Jest
10/15/2019 21:21:14,"Jakarta Timur, DKI Jakarta","Jakarta Timur, DKI Jakarta",Laki-laki,20,"JakartaJS, ReactJSID, DevC Jakarta",Frontend,Frontend,,,2-5 tahun,Dari dokumentasi resmi,React,Saya berfikir belajar React = belajar fundamental JS lebih lanjut,React,Yang populer atau paling banyak digunakan,5-10 juta per bulan,,"Situs pencari kerja seperti urbanhire, jobsdb, dll",Belum,
10/15/2019 21:48:19,Jakarta,Jakarta,Laki-laki,31,Jakarta JS,Team Lead Developer,"Lead, VP, C Level",,,5-10 tahun,Dari tutorial,Vue,"Easy to use, fast, powerful",React,Yang populer atau paling banyak digunakan,20-30  juta per bulan,50-100 orang,"Situs pencari kerja seperti urbanhire, jobsdb, dll","Sudah, tapi belum semua",Mocha
10/15/2019 23:21:26,Bandung,Bandung,Laki-laki,21,BandungJs,Sedang Kuliah,kuliah,React,Artikel atau blog,,,,,,,,,,,
10/16/2019 5:58:33,Jakarta,Jakarta,Laki-laki,21,Jakarta JS,Frontend,Frontend,,,Dibawah 1 tahun,Dari tutorial,React,"Kelebihan : Semua code nya adalah javascript, memudahkan utk develop.
Kekurangan : agak susah bila kurang terbiasa dengan jsx
",Svelte,Yang populer atau paling banyak digunakan,0-5 juta per bulan,5-10 orang,"Situs pencari kerja seperti urbanhire, jobsdb, dll","Sudah, tapi belum semua",Jest
10/16/2019 6:35:50,Bali,Bali,Laki-laki,19,Bali Js,Frontend,Frontend,,,1-2 tahun,Langsung membuat proyek-proyek sederhana,React,"Kelebihan: cepat, banyak tantangannya, bisa multi platform, etc. Kekurangan: Terlalu banya third party yg hrus diinstall haha (global), ",Redux,Yang populer atau paling banyak digunakan,0-5 juta per bulan,20-50 orang,"Situs pencari kerja seperti urbanhire, jobsdb, dll",Belum,
10/16/2019 7:37:33,Brebes,Brebes,Laki-laki,20,Tidak ada,Sedang Kuliah,kuliah,"React, Vue",Video,,,,,,,,,,,
10/16/2019 8:17:22,"Depok, Jawa Barat ","Depok, Jawa Barat ",Laki-laki,33,Tidak Ada,IT Arsitek,"Lead, VP, C Level",,,10-20 tahun,"Dari contoh aplikasi, example code ataupun boilerplate",Vue,Cukup paham HTML JS CSS dasar sudah bisa pakai,React,Developer friendly,30-50 juta per bulan,Diatas 1000 orang,Referal dari rekan,Harus,Jest
10/16/2019 8:31:21,Kabupaten batang,Kabupaten batang,Laki-laki,25,Tidak ada,Fullstack,Fullstack,,,2-5 tahun,Dari dokumentasi resmi,Vue,"Simple, lightweight, nyaman",React,"User friendly (cepat, ringan, kecil)",0-5 juta per bulan,1-5 orang,Social media,Belum,
10/16/2019 8:31:25,Yogyakarta,Yogyakarta,Laki-laki,25,JogjaJS,Fullstack,Fullstack,,,1-2 tahun,Langsung membuat proyek-proyek sederhana,Vue,"Mudah dipahami, codenya clean, dan saya menggunakannya dilaravel",Angular,Mengikuti framework yang digunakan dikantor,0-5 juta per bulan,20-50 orang,Social media,Harus,Mocha
10/16/2019 8:44:48,"gianyar, bali","gianyar, bali",Laki-laki,35,"FB Developer Circle, Vue.js Indonesia",Fullstack,Fullstack,,,5-10 tahun,"Dari contoh aplikasi, example code ataupun boilerplate",Vue,"Mudah dipelajari, cukup populer",Vue,"User friendly (cepat, ringan, kecil)",10-20 juta per bulan,20-50 orang,Referal dari rekan,Belum,
10/16/2019 8:55:33,Sukabumi,Sukabumi,Laki-laki,27,tidak ada,Mobile,Mobile,,,Dibawah 1 tahun,Dari tutorial,React,"minus debuging terkadang sulit, karena tidak tertera secara spesifik",React,Developer friendly,5-10 juta per bulan,20-50 orang,Headhunter,"Sudah, tapi belum semua",Jest
10/16/2019 9:24:37,"jakarta selatan, dki jakarta","jakarta selatan, dki jakarta",Laki-laki,23,jakartajs,Mobile,Mobile,,,1-2 tahun,Langsung membuat proyek-proyek sederhana,React,sejauh ini bagus aja dibanding jquery,React,Talenta tersedia,5-10 juta per bulan,100-1000 orang,"Situs pencari kerja seperti urbanhire, jobsdb, dll","Sudah, tapi belum semua",Jest
10/16/2019 9:45:43,Jakarta,Jakarta,Laki-laki,22,Reactjs & JakartaJS,Frontend,Frontend,,,1-2 tahun,Dari dokumentasi resmi,React,Ecosystem dan perkembangan yg baik dan cepat,React,Yang masih jarang digunakan,10-20 juta per bulan,50-100 orang,Referal dari rekan,"Sudah, tapi belum semua",Jest
10/16/2019 9:53:42,Jakarta ,Jakarta ,Laki-laki,28,"React ID, NodeJS ID",IT Support yang sangat tertarik dengan Pemrograman,lainnya,React,Artikel atau blog,,,,,,,,,,,
10/16/2019 10:07:16,"Surabaya, Jawa Timur","Surabaya, Jawa Timur",Laki-laki,28,"Web https://surabayajs.org, Telegram https://t.me/surabayajs",Fullstack,Fullstack,,,2-5 tahun,Langsung membuat proyek-proyek sederhana,Svelte,Keren dan hasil compile nya kecil,Svelte,"User friendly (cepat, ringan, kecil)",10-20 juta per bulan,5-10 orang,Social media,"Sudah, tapi belum semua",Jest
10/16/2019 10:25:05,"Surabaya, Jawa Timur","Surabaya, Jawa Timur",Laki-laki,22,"SurabayaJS, https://t.me/surabayajs",Frontend,Frontend,,,2-5 tahun,Langsung membuat proyek-proyek sederhana,Re-frame,"Saya suka Clojure(script) (reactivity dan atom) dan konsep ReactJS, jadi untuk coding frontend secara functional, saya sarankan lebih prefer ke Re-frame dan tidak perlu state management seperti redux atau state management lainnya dimana re-frame sudah handle hal tersebut",Vue,Developer friendly,5-10 juta per bulan,20-50 orang,"Situs pencari kerja seperti urbanhire, jobsdb, dll",Belum,
10/16/2019 10:31:14,Jakarta,Jakarta,Laki-laki,24,banyak,Frontend,Frontend,,,2-5 tahun,"Dari contoh aplikasi, example code ataupun boilerplate",Vue,"great, but svelte is promising",Svelte,"User friendly (cepat, ringan, kecil)",10-20 juta per bulan,Diatas 1000 orang,wut,Harus,Jest
10/16/2019 10:45:01,"Gresik, Jawa Timur","Gresik, Jawa Timur",Laki-laki,33,"Ada, SurabayaJS",Frontend,Frontend,,,5-10 tahun,Dari dokumentasi resmi,Vue,Dokumentasinya bagus.,tidak ada,Yang populer atau paling banyak digunakan,10-20 juta per bulan,20-50 orang,Referal dari rekan,"Sudah, tapi belum semua",Mocha
10/16/2019 10:52:26,Bali,Bali,Laki-laki,20,https://www.facebook.com/groups/923989567684064/,Team Lead Developer,"Lead, VP, C Level",,,2-5 tahun,Dari dokumentasi resmi,Angular,"Angular itu sudah sepaket, ketika memulai project sudah ready digunakan tanpa setup boilerplate yang rumit. Kekurangannya adalah ada learning curve yang tinggi terutama di bagian observable",React,"User friendly (cepat, ringan, kecil)",0-5 juta per bulan,5-10 orang,Referal dari rekan,Belum,
10/16/2019 11:42:49,Gorontalo,Gorontalo,Laki-laki,23,Tidak Ada,Team Lead Developer,"Lead, VP, C Level",,,2-5 tahun,Dari tutorial,React,NIce :),React,"User friendly (cepat, ringan, kecil)",0-5 juta per bulan,50-100 orang,Referal dari rekan,Harus,Jest
10/16/2019 12:05:56,Jakarta,Jakarta,Laki-laki,33,Ada,Backend,Backend,,,1-2 tahun,"Proyek2 Sederhana, Tutorial, Online Course",React,.,Vue,Developer friendly,10-20 juta per bulan,100-1000 orang,"Headhunter, LinkedIn, Referral",Harus,Mocha
10/16/2019 12:08:25,Jakarta,Jakarta,Laki-laki,35,ReactJS.id,"Vice President of Technology, Vice President of Engineering","Lead, VP, C Level",,,10-20 tahun,Dari dokumentasi resmi,React,-,Svelte,Talenta tersedia,30-50 juta per bulan,50-100 orang,Headhunter,Kadang-kadang,Mocha
10/16/2019 12:10:08,Bandung,Bandung,Laki-laki,26,Bandungjs,Frontend,Frontend,,,1-2 tahun,Dari tutorial,Vue,Mudah digunakan,React,Yang sudah mature,5-10 juta per bulan,100-1000 orang,"Situs pencari kerja seperti urbanhire, jobsdb, dll",Kadang-kadang,Jest
10/16/2019 12:17:17,jakarta,jakarta,Laki-laki,24,MedanJS,Senior Backend,Backend,"Angular, React, Vue",Video,,,,,,,,,,,
10/16/2019 12:20:09,Jakarta,Jakarta,Laki-laki,22,Js indo di fb,Fullstack,Fullstack,,,1-2 tahun,Langsung membuat proyek-proyek sederhana,jQuery,Simple karena masih bisanya maen php,Vue,"User friendly (cepat, ringan, kecil)",0-5 juta per bulan,20-50 orang,"Situs pencari kerja seperti urbanhire, jobsdb, dll",Harus,Nginx
10/16/2019 12:56:56,Bali,Bali,Laki-laki,24,Bali JS,Backend,Backend,,,2-5 tahun,Langsung mencoba menggunakan,React,Mudah di adaptasi dan banyak komunitas,React,Yang populer atau paling banyak digunakan,5-10 juta per bulan,100-1000 orang,Referal dari rekan,Kadang-kadang,Karma
10/16/2019 13:09:17,"Bandung, Jawa Barat","Bandung, Jawa Barat",Laki-laki,23,"BandungJS, DevC Bandung",Frontend,Frontend,,,1-2 tahun,Dari dokumentasi resmi,React,Bagus,React,Yang populer atau paling banyak digunakan,10-20 juta per bulan,100-1000 orang,"Situs pencari kerja seperti urbanhire, jobsdb, dll","Sudah, tapi belum semua",Jest
10/16/2019 13:37:28,Jakarta,Jakarta,Laki-laki,21,"JakartaJS, Bogor Developers, Svelte Indonesia",Frontend,Frontend,,,5-10 tahun,"Dari contoh aplikasi, example code ataupun boilerplate",Svelte,Ringan & Learning Curve nya kecil,Svelte,"User friendly (cepat, ringan, kecil)",0-5 juta per bulan,50-100 orang,"Situs pencari kerja seperti urbanhire, jobsdb, dll","Sudah, tapi belum semua",Jest
10/16/2019 15:06:36,"SURABAYA, JAWA TIMUR","SURABAYA, JAWA TIMUR",Laki-laki,27,SURABAYAJS,STAFF KONSULTAN BISNIS,lainnya,"jQuery, Vue",Buku,,,,,,,,,,,
10/16/2019 15:44:02,Bali,Bali,Laki-laki,20,Javascript indonesia,Sedang Kuliah,kuliah,"React, Plumier",Artikel atau blog,,,,,,,,,,,
10/16/2019 16:00:43,Denpasar,Denpasar,Laki-laki,25,BaliJS,Frontend,Frontend,,,2-5 tahun,Langsung membuat proyek-proyek sederhana,Vue,simple,React,"Developer friendly, User friendly, sudah mature",5-10 juta per bulan,1-5 orang,Referal dari rekan,Kadang-kadang,belum ada
10/16/2019 16:07:50,"Denpasar, Bali","Denpasar, Bali",Perempuan,23,"BaliJs, Developer Circle Bali",Backend,Backend,,,2-5 tahun,Dari tutorial,TypeORM,"Belum terlalu mengerti, sedang proses mempelajari dan mencoba",TypeORM,"User friendly (cepat, ringan, kecil)",5-10 juta per bulan,5-10 orang,Referal dari rekan,Kadang-kadang,Jest
10/16/2019 16:14:20,"Gianyar, Bali","Gianyar, Bali",Laki-laki,23,BaliJS,Frontend,Frontend,,,2-5 tahun,"Dari contoh aplikasi, example code ataupun boilerplate",React,"Kelebihan: JSX nya asik, kekurangan: perlu waktu untuk memahami konsepnya",React,Yang populer atau paling banyak digunakan,5-10 juta per bulan,5-10 orang,Referal dari rekan,Kadang-kadang,Jest
10/16/2019 16:29:35,Bali,Bali,Laki-laki,25,Bali JS,Sedang Kuliah,kuliah,"Angular, React",Video,,,,,,,,,,,
10/16/2019 16:38:39,Denpasar,Denpasar,Laki-laki,19,Balijs,Frontend,Frontend,,,1-2 tahun,Dari tutorial,Vue,Simple dan mudah digunakan,Vue,"User friendly (cepat, ringan, kecil)",0-5 juta per bulan,20-50 orang,Referal dari rekan,Belum,
10/16/2019 17:17:03,Denpasar,Denpasar,Laki-laki,20,Bali Js,Sedang Kuliah,kuliah,"React, Svelte, Vue",Artikel atau blog,,,,,,,,,,,
10/16/2019 17:26:35,"Denpasar, Bali","Denpasar, Bali",Laki-laki,16,BaliJS,Sedang Sekolah,kuliah,"jQuery, Vue",Video,,,,,,,,,,,
10/16/2019 18:57:33,Bogor,Bogor,Laki-laki,26,-,Fullstack,Fullstack,,,2-5 tahun,Dari dokumentasi resmi,Vue,"Simple, tapi repot kalau sudah kompleks, terutama masalah two-way binding",Svelte,"User friendly (cepat, ringan, kecil)",10-20 juta per bulan,50-100 orang,Referal dari rekan,Belum,
10/16/2019 20:39:14,DKI Jakarta,DKI Jakarta,Laki-laki,40,Jquery,Team Lead Developer,"Lead, VP, C Level",,,10-20 tahun,Dari tutorial,jQuery,Flexible dan cepat,React,"User friendly (cepat, ringan, kecil)",10-20 juta per bulan,Diatas 1000 orang,Open Recruitment,"Sudah, tapi belum semua",Jasmine
10/16/2019 22:11:09,"Tangerang Selatan, Banten","Tangerang Selatan, Banten",Laki-laki,21,"Tidak tahu, tapi ingin join jika ada","Kuliah, part-time Gatsby js",kuliah,"React, Vue, Js untuk backend",Artikel atau blog,,,,,,,,,,,
10/16/2019 22:55:23,JKT,JKT,Laki-laki,26,JakartaJS,Fullstack,Fullstack,,,5-10 tahun,Langsung membuat proyek-proyek sederhana,React,"Great DX, Harder to grok for beginners",React,Developer friendly,20-30  juta per bulan,20-50 orang,Social media,Harus,Jest
10/16/2019 23:03:30,"Kalibata, Jakarta","Kalibata, Jakarta",Laki-laki,22,Tidak,Frontend,Frontend,,,Dibawah 1 tahun,Dari dokumentasi resmi,React,"modularity, large community, still maintained by the community",Typescript,Yang populer atau paling banyak digunakan,10-20 juta per bulan,50-100 orang,"TOKI, menghubungi langsung untuk ditemui untuk senior, linkedin","Sudah, tapi belum semua",react-testing-library
10/17/2019 2:20:02,"Jakarta Barat, DKI Jakarta","Jakarta Barat, DKI Jakarta",Laki-laki,23,Tidak Ada,Frontend,Frontend,,,Dibawah 1 tahun,Langsung membuat proyek-proyek sederhana,React,"Kelebihan :  
- Banyak dukungan komunitas
- Banyak tutorial dan tracking error dan bugs sdh banyak di Stackoverflow
- Virtual DOM
- Reusable Component

Kekurangan :
- sejauh ini kekurangan dari react belum begitu saya rasakan, karena saya tergolong pendatang baru juga di Frontend ",React Native,banyak issues yang sdh mulai bisa diminimalisir. hasil nyata yang membuat teknologi tersebut worth it digunakan.,5-10 juta per bulan,100-1000 orang,"Situs pencari kerja seperti urbanhire, jobsdb, dll",Harus,Testing Library
10/17/2019 4:58:37,"Jakarta Timur, DKI Jakarta","Jakarta Timur, DKI Jakarta",Laki-laki,16,Sepertinya ada tapi saya tidak mengetahuinya,Fullstack Web Developer & Sedang Sekolah (SMK),Fullstack,"React, Vue","Kalau baru mulai lebih enak video, kalau tutorial lanjutan lebih enak artikel",,,,,,,,,,,
10/17/2019 5:42:01,"sleman, Yogyakarta ","sleman, Yogyakarta ",Laki-laki,37,-,"CTO, CIO, dll.","Lead, VP, C Level",,,10-20 tahun,Dari dokumentasi resmi,Vue,"kelebihan: mudah, cepat, modular
kekurangan: - ",Vue,"User friendly (cepat, ringan, kecil)",5-10 juta per bulan,5-10 orang,"Situs pencari kerja seperti urbanhire, jobsdb, dll",Belum,
10/17/2019 8:24:18,Jakarta,Jakarta,Laki-laki,27,DevC jakarta,Frontend,Frontend,,,1-2 tahun,Langsung mencoba menggunakan,React,Komunitasnya besar jadi saat kesulitan mudah mencari solusi. Kekurangannya perlu beberapa library lainnya untuk mendukung sebuah tampilan frontend,Vue,Yang populer atau paling banyak digunakan,10-20 juta per bulan,5-10 orang,Headhunter,Belum,
10/17/2019 8:35:13,Jombang,Jombang,Perempuan,20,Tidak ada,Backend,Backend,,,1-2 tahun,Langsung membuat proyek-proyek sederhana,Vue,Lebih mudah di mengerti ,Vue,"User friendly (cepat, ringan, kecil)",0-5 juta per bulan,1-5 orang,Referal dari rekan,"Sudah, tapi belum semua",Mocha
10/17/2019 8:51:04,DKI Jakarta,DKI Jakarta,Laki-laki,22,"DevC Jakarta, ReactJS.ID",Frontend,Frontend,,,Dibawah 1 tahun,Dari tutorial,React,Mudah dipahami dan banyak fitur-fitur yang bisa dipelajari,React,Yang populer atau paling banyak digunakan,0-5 juta per bulan,20-50 orang,Headhunter,Belum,
10/17/2019 8:58:50,Tangerang,Tangerang,Laki-laki,24,Jakarta JS,Mobile,Mobile,,,1-2 tahun,Dari tutorial,Polymer,Performence lebih baik,Vue,Performence,5-10 juta per bulan,5-10 orang,Referal dari rekan,Harus,Jest
10/17/2019 9:05:56,Jakarta,Jakarta,Laki-laki,26,"Facebook Developer Circle: Jakarta, JakartaJS",Team Lead Developer,"Lead, VP, C Level",,,5-10 tahun,Langsung mencoba menggunakan,React,Framework yang mature dan banyak dukungan library,Vue,Yang populer atau paling banyak digunakan,10-20 juta per bulan,100-1000 orang,Headhunter,Kadang-kadang,Jest
10/17/2019 9:19:14,Jakarta,Jakarta,Laki-laki,berumur sekali,JakartaJs,IT Solutions,lainnya,React,Artikel atau blog,,,,,,,,,,,
10/17/2019 9:20:19,Jakarta,Jakarta,Laki-laki,berumur,JakartaJs,IT Solution,lainnya,jQuery,Artikel atau blog,,,,,,,,,,,
10/17/2019 9:24:33,"Taipei, Daan","Taipei, Daan",Laki-laki,27,"Telegram Grup: ReactJS, JavaScript Indonesia, React Native Indonesia",Kuliah dan Kerja Remote,kuliah,"React, Vue",Video,,,,,,,,,,,
10/17/2019 9:31:22,Jakarta,Jakarta,Laki-laki,26,"Developer Circles Jakarta, Jakarta JS, React.id",Fullstack,Fullstack,,,1-2 tahun,"Dari contoh aplikasi, example code ataupun boilerplate",React,"Cukup sulit untuk dipelajari pada awalnya karena banyak konsep dan pemahaman tingkat lanjut, namun setelah dipelajari memang enak sekali menggunakannya. 

Kelebihan mungkin karena komunitasnya banyak dan banyak yang bisa diajak diskusi",React,Talenta tersedia,5-10 juta per bulan,20-50 orang,"Situs pencari kerja seperti urbanhire, jobsdb, dll",Belum,
10/17/2019 9:33:27,Yogyakarta,Yogyakarta,Laki-laki,21,JogjaJS,Sedang Kuliah,kuliah,"React, Svelte, Next, restana",Artikel atau blog,,,,,,,,,,,
10/17/2019 9:37:55,"Bekasi, Jawa Barat","Bekasi, Jawa Barat",Laki-laki,19,Tidak,Sedang Kuliah,kuliah,React,Artikel atau blog,,,,,,,,,,,
10/17/2019 10:30:23,"Jakarta Timur, DKI Jakarta","Jakarta Timur, DKI Jakarta",Laki-laki,33,@nodejsid (telegram),Backend,Backend,,,10-20 tahun,Langsung membuat proyek-proyek sederhana,Vue,Efisien untuk SPA kompleks,Vue,Yang sudah mature,10-20 juta per bulan,1-5 orang,"Situs pencari kerja seperti urbanhire, jobsdb, dll","Sudah, tapi belum semua",Mocha
10/17/2019 10:52:13,"Makassar, Sulawesi Selatan","Makassar, Sulawesi Selatan",Perempuan,28,Tidak ada,Karyawan swasta,lainnya,"React, Vue",Video,,,,,,,,,,,
10/17/2019 11:54:29,"Bandung, Jawa Barat","Bandung, Jawa Barat",Laki-laki,29,Facebook Dev Bandung,"Product Engineer, Code reviewer",Freelance,"Svelte, Vue",Video,,,,,,,,,,,
10/17/2019 12:02:21,Malang,Malang,Laki-laki,19,"JavaScript Indonesia, ReactJs Indonesia, VueJs Indonesia",Kuliah dan kerja sebagai fullstack,kuliah,"React, Vue",Video dan Artikel,,,,,,,,,,,
10/17/2019 13:27:18,Bekasi,Bekasi,Laki-laki,42,Belum Tau,"CTO, CIO, dll.","Lead, VP, C Level",,,10-20 tahun,"Dari contoh aplikasi, example code ataupun boilerplate",jQuery,Simple,React,Developer friendly,5-10 juta per bulan,1-5 orang,"Situs pencari kerja seperti urbanhire, jobsdb, dll",Belum,
10/17/2019 13:46:40,"Cirebon, Jawa Barat","Cirebon, Jawa Barat",Laki-laki,22,Belum ada,Sedang Kuliah,kuliah,"React, Vue",Video,,,,,,,,,,,
10/17/2019 13:53:13,"Palu, Sulawesi Tengah","Palu, Sulawesi Tengah",Laki-laki,17,Hammercode,Sedang Kuliah,kuliah,"React, Vue",Video,,,,,,,,,,,
10/17/2019 14:01:00,Jakarta,Jakarta,Laki-laki,25,Tidak ada,Junior Programmer,lainnya,"Angular, jQuery, React, Vue",Video,,,,,,,,,,,
10/17/2019 14:26:41,"Bekasi, Jawa barat","Bekasi, Jawa barat",Laki-laki,29,setahu saya tidak ada,Fullstack,Fullstack,,,2-5 tahun,Langsung membuat proyek-proyek sederhana,Bootstrap,"Mudah dipelajari dan digunakan, namun fiturnya kurang banyak.",React,Developer friendly,0-5 juta per bulan,1-5 orang,"Situs pencari kerja seperti urbanhire, jobsdb, dll","Sudah, tapi belum semua",Jest
10/17/2019 16:26:54,"Bekasi,Jawa barat","Bekasi,Jawa barat",Laki-laki,17,Kurang tau,Sedang Sekolah,kuliah,jQuery,Artikel atau blog,,,,,,,,,,,
10/17/2019 16:29:42,Jogjakarya,Jogjakarya,Laki-laki,24,"SemarangJs, JogjaJs",Fullstack,Fullstack,,,2-5 tahun,"Dari contoh aplikasi, example code ataupun boilerplate",React,"I like it, karena menulis code dengan vanilla Js yang mana membantu fundamental kita belajar koding",DevOps dan Go,Yang populer atau paling banyak digunakan,5-10 juta per bulan,50-100 orang,Kurang mengerti karena bukan HR tapi sepertinya hampir dari semua channel di atas,"Sudah, tapi belum semua",Semua yang disebutkan di atas kecuali karma
10/17/2019 17:34:41,Jakarta,Jakarta,Laki-laki,23,gk tau,Fullstack,Fullstack,,,Dibawah 1 tahun,Dari dokumentasi resmi,React,mhmm,Angular,"User friendly (cepat, ringan, kecil)",10-20 juta per bulan,100-1000 orang,"Situs pencari kerja seperti urbanhire, jobsdb, dll",Harus,Jest
10/17/2019 19:31:34,"Jakarta Barat, DKI Jakarta","Jakarta Barat, DKI Jakarta",Perempuan,21,JakartaJS,Frontend,Frontend,,,1-2 tahun,Langsung mencoba menggunakan,Angular,Cukup familiar krn memiliki konsep MVC dimana sebelum adanya web modern konsep ini sudah ada di framework seperti Laravel namun awalnya sangat sulit dipelajari karena harus punya basic TypeScript.,React,Developer friendly,5-10 juta per bulan,50-100 orang,"Situs pencari kerja seperti urbanhire, jobsdb, dll",Belum,
10/17/2019 22:43:21,Depok,Depok,Laki-laki,24,Jakarta JS,Frontend,Frontend,,,1-2 tahun,Dari dokumentasi resmi,React,Perkembangan dari core react cukup cepat.,Svelte,Yang populer atau paling banyak digunakan,10-20 juta per bulan,Diatas 1000 orang,"Situs pencari kerja seperti urbanhire, jobsdb, dll",Harus,Jest
10/17/2019 22:53:07,Yogyakarta,Yogyakarta,Laki-laki,31 tahun,javascript indonesia telegram group,Fullstack,Fullstack,,,2-5 tahun,Dari dokumentasi resmi,React,"kelebihan : penggunaan virtual DOM, kekurangan : banyak package2 yang digunakan ( perlu selalu cari informasi terbaru package yg digunakan )",tensorflow js,Yang populer atau paling banyak digunakan,5-10 juta per bulan,20-50 orang,"Situs pencari kerja seperti urbanhire, jobsdb, dll",Belum,
10/18/2019 0:10:22,Jombang,Jombang,Laki-laki,21,tidak ada,Sedang Kuliah,kuliah,"jQuery, React, Vue",Buku,,,,,,,,,,,
10/18/2019 5:15:13,Nusa Tenggara Timur,Nusa Tenggara Timur,Laki-laki,19,Tidak ada,Sedang Kuliah,kuliah,React,Video,,,,,,,,,,,
10/18/2019 11:52:31,Jakarta,Jakarta,Laki-laki,24,Ada,Sedang Kuliah,kuliah,"jQuery, React, Vue",Artikel atau blog,,,,,,,,,,,
10/18/2019 14:11:28,Tangerang,Tangerang,Laki-laki,18,Vue js indonesia,Junior PHP programmer mahasiswa,lainnya,"Angular, jQuery, React, Vue",Artikel atau blog,,,,,,,,,,,
10/18/2019 15:24:50,"Bandung, Jawa Barat","Bandung, Jawa Barat",Laki-laki,24,BandungJS,"Baru lulus, sedang magang kerja",Kuliah,React,Video,,,,,,,,,,,
10/18/2019 15:38:09,Jakarta,Jakarta,Laki-laki,18,JakartaJS,Fullstack,Fullstack,,,Dibawah 1 tahun,Dari dokumentasi resmi,Vue,"Beginner Friendly, mudah untuk dipelajari dan vue punya documentation yang sangat bagus. Kekurangan, tidak sebebas react dan harus follow rules Vue",Flutter,Teknologi yang ditawarkan,10-20 juta per bulan,100-1000 orang,"Situs pencari kerja seperti urbanhire, jobsdb, dll","Sudah, tapi belum semua",Mocha
10/18/2019 15:59:37,"Bandung, Jawa Barat","Bandung, Jawa Barat",Laki-laki,22,BandungJS,Baru lulus kuliah,kuliah,Vue,Video,,,,,,,,,,,
10/18/2019 21:23:29,Parung,Parung,Laki-laki,27,Tidak ada,Fullstack,Fullstack,,,2-5 tahun,"Dari contoh aplikasi, example code ataupun boilerplate",jQuery,"Masih menggunakan jquery karena req dari user. Untuk kelebihan dan kekurangan saya rasa kita semua sepakat, meskipun tidak saya sebut.",React,"Developer friendly, dan tambahan dari sisi dokumentasi yang cukup jelas.",5-10 juta per bulan,50-100 orang,Headhunter,"Sudah, tapi belum semua",Jest
10/18/2019 21:26:13,"Depok, Jawa Barat","Depok, Jawa Barat",Perempuan,23,"JakartaJS,React Native ID",Frontend,Frontend,,,1-2 tahun,"Dari contoh aplikasi, example code ataupun boilerplate",React,"Kelebihannya komunitasnya besar dan banyak developer yg memakai bahasa tersebut, kekurangannya learning curvenya termasuk yg landai jd agak sulit untuk di awal2 masa belajar",Vue,Yang populer atau paling banyak digunakan,10-20 juta per bulan,20-50 orang,Referal dari rekan,Belum,
10/19/2019 7:43:14,Yogyakarta,Yogyakarta,Laki-laki,19,"Ada, jogjajs",Sedang Kuliah,kuliah,React,Artikel atau blog,,,,,,,,,,,
10/19/2019 9:58:41,Jakarta,Jakarta,Laki-laki,26,JakartaJS,Team Lead Developer,"Lead, VP, C Level",,,1-2 tahun,Langsung mencoba menggunakan,React,"Developer friendly, tp agak berat",Svelte,Developer friendly,10-20 juta per bulan,100-1000 orang,"Situs pencari kerja seperti urbanhire, jobsdb, dll",Kadang-kadang,Karma
10/19/2019 10:04:18,Karanganyar Jawa tengah,Karanganyar Jawa tengah,Laki-laki,22,Petani Kode ,Sedang Kuliah,kuliah,React,Artikel atau blog,,,,,,,,,,,
10/19/2019 10:37:25,"Bekasi, jawa barat","Bekasi, jawa barat",Perempuan,25,"Saya tinggal di bekasi tapi ngantor jakarta, ngikut komunitas jakarta",Fullstack,Fullstack,,,2-5 tahun,Dari dokumentasi resmi,Vue,Ya sama aja sih framework rata2.. yg paling berasa dari vue dari segi ke simple an dan learning curve,React,Yang populer atau paling banyak digunakan,10-20 juta per bulan,10-20 orang,"Situs pencari kerja seperti urbanhire, jobsdb, dll",Belum,
10/19/2019 12:33:03,Jakarta,Jakarta,Laki-laki,27,Tidak ada,Sedang Kuliah,kuliah,React,Video,,,,,,,,,,,
10/19/2019 14:58:54,Jakarta Selatan,Jakarta Selatan,Laki-laki,25,"ReactJS.id, FB dev circle, Jakarta JS",Fullstack,Fullstack,,,2-5 tahun,Dari tutorial,React,Flexible and Fast,Angular,Yang sudah mature,10-20 juta per bulan,100-1000 orang,"Situs pencari kerja seperti urbanhire, jobsdb, dll",Kadang-kadang,Jest
10/19/2019 18:33:06,"Bandung, Jabar","Bandung, Jabar",Laki-laki,24,BandungJs,Frontend,Frontend,,,2-5 tahun,Langsung mencoba menggunakan,Vue,Learning curve mudah,ReasonML,Developer friendly,10-20 juta per bulan,Diatas 1000 orang,Referal dari rekan,Harus,Jest
10/20/2019 10:35:10,Jakarta,Jakarta,Laki-laki,30,"JakartaJS, DevC Jakarta, AWS Indonesia, Tokopedia Tech Circle, Grab Tech Talks, Web and Mobile Developer Meetup, IBM Developer Indonesia, Jakarta Learns Programming",Fullstack,Fullstack,,,1-2 tahun,Dari tutorial,React,Terus berkembang dan terbuka untuk komunitas - Terlalu fleksibel dalam struktur dapat menjadi masalah,Svelte,Yang populer atau paling banyak digunakan,0-5 juta per bulan,1-5 orang,Referal dari rekan,Belum,
10/20/2019 14:43:46,"Jakarta Pusat, DKI Jakarta","Jakarta Pusat, DKI Jakarta",Laki-laki,22,"JakartaJS (meetup), reactJS indonesia (meetup, telegram)",Frontend,Frontend,,,1-2 tahun,Dari tutorial,Angular,"kelebihan-nya, udah satu paket full service jadi tinggal menggunakan
Kekurangan-nya, yang saya tau bundle size-nya masih tergolong cukup besar saat di-build",Angular,Yang populer atau paling banyak digunakan,0-5 juta per bulan,50-100 orang,"Situs pencari kerja seperti urbanhire, jobsdb, dll",Harus,"di front-end masih belum pakai, namun di backend development sudah"
10/20/2019 19:32:21,Makassar,Makassar,Perempuan,23,Kpm,Baru lulus kuliah,kuliah,"Angular, Ember, Vue",Video,,,,,,,,,,,
10/21/2019 10:48:50,"Kota Bekasi, Jawa Barat","Kota Bekasi, Jawa Barat",Laki-laki,25,JakartaJS,Frontend,Frontend,,,2-5 tahun,Dari dokumentasi resmi,Vue,Cepat untuk dipelajari karena menggunakan sintaks dasar HTML dan JS; Kekurangannya cukup banyak gotcha dan caveat dalam penanganan reaktivitas dan aliran data antar komponen,Svelte,Developer friendly,10-20 juta per bulan,Diatas 1000 orang,Referal dari rekan,"Sudah, tapi belum semua",Jest
10/21/2019 23:19:06,Bandung & Jakarta,Bandung & Jakarta,Laki-laki,24,Bandung JS & Jakarta JS,Frontend,Frontend,,,1-2 tahun,Dari tutorial,Vue,"(+) Easy to use (-) Magic, syntax sugar",Svelte,Yang masih jarang digunakan,10-20 juta per bulan,Diatas 1000 orang,Referal dari rekan,Harus,Jest
10/21/2019 23:47:28,"Sleman, Yogyakarta","Sleman, Yogyakarta",Laki-laki,25,Dev C,Mobile,Mobile,,,1-2 tahun,Dari dokumentasi resmi,React,"bagus, namun menurut saya learning curvenya lebih mudah vue",Flutter (diluar JS),Developer friendly,5-10 juta per bulan,20-50 orang,Referal dari rekan,"Sudah, tapi belum semua",Mocha
10/22/2019 8:04:13,"Medan, sumatera utara","Medan, sumatera utara",Laki-laki,26,Medan JS,Frontend,Frontend,,,5-10 tahun,Dari dokumentasi resmi,Vue,Mudah di gunakan,Natie Script,Yang sudah mature,0-5 juta per bulan,10-20 orang,Referal dari rekan,Belum,
10/22/2019 8:10:24,Cilegon,Cilegon,Laki-laki,24,Tidak ada,Fullstack,Fullstack,,,2-5 tahun,Langsung membuat proyek-proyek sederhana,Angular,Cli instant & auto typescript,Vue,Developer friendly,0-5 juta per bulan,1-5 orang,Tawaran,Belum,
10/22/2019 8:16:18,"Bandung, Jawa Barat","Bandung, Jawa Barat",Laki-laki,22,"Telegram, Javascript Indonesia",Kuliah dan kerja,kuliah,React,Video,,,,,,,,,,,
10/22/2019 9:28:13,Gresik - Jawa Timur,Gresik - Jawa Timur,Laki-laki,30,"t.me/gresikdev , t.me/surabayajs",Frontend,Frontend,,,2-5 tahun,Dari dokumentasi resmi,React,"Dulu pertama belajar krn tau klo react selain di web, bisa di mobile jg",React,Developer friendly,0-5 juta per bulan,20-50 orang,Referal dari rekan,Harus,Jest
10/22/2019 9:41:22,depok,depok,Laki-laki,24,PHPID,Backend,Backend,,,2-5 tahun,Langsung membuat proyek-proyek sederhana,Vue,"performa bagus, lebih mudah di ikuti",Vue,"User friendly (cepat, ringan, kecil)",5-10 juta per bulan,Diatas 1000 orang,Social media,Belum,
10/22/2019 10:59:16,Cibinong - Bogor,Cibinong - Bogor,Laki-laki,28,-,Fullstack,Fullstack,,,2-5 tahun,Dari dokumentasi resmi,Vue,"powerfull,eazy to learning and docs ",React,"User friendly (cepat, ringan, kecil)",5-10 juta per bulan,20-50 orang,Referal dari rekan,Kadang-kadang,Jest
10/22/2019 11:24:18,bandung,bandung,Laki-laki,27,bandungjs,Backend,Backend,,,2-5 tahun,Dari tutorial,React,"banyak dicari, pribadi kesulitan di state management",React,Yang populer atau paling banyak digunakan,0-5 juta per bulan,1-5 orang,Social media,Belum,
10/22/2019 12:10:21,"Jakarta Selatan, DKI Jakarta","Jakarta Selatan, DKI Jakarta",Laki-laki,26,"Jakarta JS, Telegram",Fullstack,Fullstack,,,2-5 tahun,Dari dokumentasi resmi,Vue,"Fast, Easy to learning, dokumentasi jelas, kontrobutor yg banyak",React,Developer friendly,10-20 juta per bulan,100-1000 orang,"Situs pencari kerja seperti urbanhire, jobsdb, dll","Sudah, tapi belum semua",Jest
10/22/2019 12:57:26,"Bandung, Jawa Barat","Bandung, Jawa Barat",Laki-laki,31,Bandung JS,Frontend,Frontend,,,5-10 tahun,Dari dokumentasi resmi,Vue,Kelebihan Mudah dipahami dari dokumentasinya. Kekurangan : Ekosistem component dan librarynya belum sebanyak Angular dan React ,Angular,"User friendly (cepat, ringan, kecil)",5-10 juta per bulan,1-5 orang,"Situs pencari kerja seperti urbanhire, jobsdb, dll","Sudah, tapi belum semua",Jest
10/22/2019 18:01:29,"Bandung, Jawa Barat","Bandung, Jawa Barat",Laki-laki,19,Facebook Developer Circle: Bandung,Frontend,Frontend,,,Dibawah 1 tahun,Langsung mencoba menggunakan,React,"Kelebihan dari react, mudah di pahami, menggunakan ES7, Jsx juga, kekurangannya semakin banyak component semakin banyak file nya",Angular,Talenta tersedia,0-5 juta per bulan,10-20 orang,"Situs pencari kerja seperti urbanhire, jobsdb, dll",Kadang-kadang,Jest
10/22/2019 21:25:38,yogyakarta,yogyakarta,Laki-laki,23,jogja js,Frontend,Frontend,,,Dibawah 1 tahun,Dari tutorial,Vue,mudah dan trending,Vue,"User friendly (cepat, ringan, kecil)",0-5 juta per bulan,1-5 orang,"Situs pencari kerja seperti urbanhire, jobsdb, dll",Belum,
10/22/2019 23:40:09,Jawa Tengah,Jawa Tengah,Laki-laki,17,Javascript Indonesia,Pelajat,kuliah,"Angular, React, Svelte",Video,,,,,,,,,,,
10/23/2019 6:03:46,"Semarang, Jawa Tengah","Semarang, Jawa Tengah",Laki-laki,18,Kurang tau,Sedang Kuliah,kuliah,React,Video,,,,,,,,,,,
10/23/2019 7:33:08,Bekasi,Bekasi,Laki-laki,23,Jakarta JS,Frontend,Frontend,,,1-2 tahun,Langsung membuat proyek-proyek sederhana,React,"React powerful untuk performance, kekurangan mungkin belum terlalu support SEO friendly",Vue,"User friendly (cepat, ringan, kecil)",5-10 juta per bulan,50-100 orang,"Situs pencari kerja seperti urbanhire, jobsdb, dll",Belum,
10/23/2019 8:28:58,Medan,Medan,Laki-laki,20,Facebook Developer Circle Medan,Sedang Kuliah,kuliah,"React, Vue",Video,,,,,,,,,,,
10/23/2019 12:52:02,"Semarang, Jawa Tengah","Semarang, Jawa Tengah",Laki-laki,27,JavaScript Semarang,graphic designer,lainnya,"React, Vue, express",Video,,,,,,,,,,,
10/24/2019 6:15:53,Kota Tangerang Selatan,Kota Tangerang Selatan,Laki-laki,22,Belum ada,Baru lulus kuliah,kuliah,React,Video,,,,,,,,,,,
10/24/2019 15:38:45,Jakarta,Jakarta,Perempuan,26,Tidak,Backend,Backend,,,2-5 tahun,Langsung membuat proyek-proyek sederhana,Svelte,Simple,Svelte,Talenta tersedia,5-10 juta per bulan,50-100 orang,Referal dari rekan,Kadang-kadang,Jest
10/24/2019 19:33:46,Jakarta,Jakarta,Laki-laki,22,jakartaJs,Fullstack,Fullstack,,,1-2 tahun,Dari tutorial,Vue,"Banyak ""magic""-nya",React,Yang populer atau paling banyak digunakan,5-10 juta per bulan,Diatas 1000 orang,"Situs pencari kerja seperti urbanhire, jobsdb, dll",Kadang-kadang,Jest
10/24/2019 20:30:57,"temanggung,jawa tengah","temanggung,jawa tengah",Laki-laki,17,setau saya tidak ada,Sedang Sekolah,kuliah,"jQuery, React",Video,,,,,,,,,,,
10/25/2019 9:04:30,"Mataram, NTB","Mataram, NTB",Laki-laki,23,Lombok JS,Baru lulus kuliah,kuliah,React,Video,,,,,,,,,,,
10/27/2019 18:19:57,Yogyakarta,Yogyakarta,Laki-laki,30,Jogja JS,Freelance web dev dan designer,Freelance,Saya suka tanpa framework ðŸ˜…,"Artikel, tapi punya mentor lebih disukai",,,,,,,,,,,
10/30/2019 11:38:19,"Jakarta Selatan, DKI Jakarta","Jakarta Selatan, DKI Jakarta",Laki-laki,25,Jakarta JS,Fullstack,Fullstack,,,1-2 tahun,Langsung mencoba menggunakan,React,"Mudah digunakan, dukungan komunitas banyak, dokumentasi dan tips tersebar banyak.",Svelte,"User friendly (cepat, ringan, kecil)",10-20 juta per bulan,20-50 orang,"Situs pencari kerja seperti urbanhire, jobsdb, dll",Belum,
10/31/2019 2:28:05,"Jakarta Selatan, DKI Jakarta","Jakarta Selatan, DKI Jakarta",Laki-laki,26,"JakartaJS, Facebook Developer Circle Jakarta, Impact Byte Alumni",Fullstack,Fullstack,,,Dibawah 1 tahun,Dari dokumentasi resmi,React,"Kelebihannya disupport banyak komunitas, kekurangan di sisi mobile/react native yang kurang update seperti di react",Flutter,Developer friendly,5-10 juta per bulan,10-20 orang,"LinkedIn, TechInAsia Job",Harus,Jest
10/31/2019 16:06:24,"Kab. Sleman, D.I Yogyakarta","Kab. Sleman, D.I Yogyakarta",Perempuan,27,JogjaJS,Frontend,Frontend,,,Dibawah 1 tahun,"Awalnya Dari Tutorial & Kursus Online, mencari Project Freelance",React,"dibandingkan dengan jQuery, React lebih mudah, meskipun ketika mengakses DOM secara langsung tidak nyaman dengan keyword tag JSXnya (dangerouslySetInnerHTML)",React,Yang sudah mature,0-5 juta per bulan,100-1000 orang,"Situs pencari kerja seperti urbanhire, jobsdb, dll",Harus,"Pada bagian QA menggunakan AB Test, saya sendiri masih ingin mendalami Jest"
11/2/2019 15:23:03,Jakarta,Jakarta,Laki-laki,21,"Yang saya thu, jakartajs",Frontend,Frontend,,,Dibawah 1 tahun,Dari tutorial,Vue,"Simple, minimalist, big community",React,Yang populer atau paling banyak digunakan,0-5 juta per bulan,1-5 orang,Referal dari rekan,Belum,
11/4/2019 0:42:20,Jakarta,Jakarta,Laki-laki,23,Tidak ada,Backend,Backend,,,Dibawah 1 tahun,Dari Buku,Vue,-,React,"User friendly (cepat, ringan, kecil)",5-10 juta per bulan,50-100 orang,"Situs pencari kerja seperti urbanhire, jobsdb, dll","Sudah, tapi belum semua",Jasmine
11/11/2019 17:58:45,"Kota Bekasi, Jawa Barat","Kota Bekasi, Jawa Barat",Laki-laki,23,Tidak tahu,Frontend,Frontend,,,1-2 tahun,Dari dokumentasi resmi,React,"Kelebihannya adalah dinamis dan sangat fleksibel
kekurangannya adalah JSX cukup bingunin",React,Developer friendly,5-10 juta per bulan,100-1000 orang,Referal dari rekan,Kadang-kadang,Jest
11/23/2019 12:57:51,Bandung,Bandung,Laki-laki,29,BandungJS,Akuntan,lainnya,React,Video,,,,,,,,,,,
12/9/2019 16:24:11,"Tangerang Selatan, Bantern","Tangerang Selatan, Bantern",Laki-laki,25,JakartaJS,Frontend,Frontend,,,2-5 tahun,Dari dokumentasi resmi,React,"- Component based
- Untuk pemula sulit memahami state management pada react",Svelte,"User friendly (cepat, ringan, kecil)",10-20 juta per bulan,100-1000 orang,Social media,Belum,
12/30/2019 13:04:12,"bandung,jawa barat","bandung,jawa barat",Laki-laki,22,"ada, bandungjs",Fullstack,Fullstack,,,2-5 tahun,Langsung mencoba menggunakan,React,ya begitulah,React,"User friendly (cepat, ringan, kecil)",5-10 juta per bulan,100-1000 orang,"Situs pencari kerja seperti urbanhire, jobsdb, dll","Sudah, tapi belum semua",Jest
2/4/2020 11:12:36,"Malang, Jawa Timur","Malang, Jawa Timur",Laki-laki,23,"FB Dev C, IxDA Malang, Frontend Dev Malang, Ngalam Backend Dev, STASION Malang, KALIM, QA Malang",Frontend,Frontend,,,1-2 tahun,"Dari contoh aplikasi, example code ataupun boilerplate",React,"ekosistem yang susah dipelajari seperti Redux, Webpack",React,Yang populer atau paling banyak digunakan,0-5 juta per bulan,5-10 orang,Referal dari rekan,Belum,